{
  "best_epoch": 1,
  "peak_worker_0_memory_MB": 549.953125,
  "training_duration": "0:04:54.477876",
  "training_start_epoch": 0,
  "training_epochs": 1,
  "epoch": 1,
  "training_perplexity": 13.040032651053076,
  "training_loss": 2.5680240604104854,
  "training_worker_0_memory_MB": 549.953125
}