{
  "best_epoch": 0,
  "peak_worker_0_memory_MB": 540.1796875,
  "training_duration": "0:02:21.842432",
  "training_start_epoch": 0,
  "training_epochs": 0,
  "epoch": 0,
  "training_perplexity": 15.466560862847073,
  "training_loss": 2.738680329776504,
  "training_worker_0_memory_MB": 540.1796875
}